year,observed_loss
2018,768728.2742857144
2019,873554.8571428574
2020,943439.2457142861
2021,920144.4495238096
2022,675549.0895238096
2023,710491.2838095239
2024,407658.9333333334
