year,observed_loss,loss_rank,loss_percentile,loss_category
2018,1001676.2361904762,4.0,57.14285714285714,Medium
2019,1059913.2266666668,3.0,71.42857142857143,Medium
2020,1106502.8190476191,1.0,100.0,High
2021,1071560.6247619048,2.0,85.71428571428571,High
2022,896849.6533333334,5.0,42.857142857142854,Medium
2023,815317.8666666669,6.0,28.57142857142857,Low
2024,570722.5066666668,7.0,14.285714285714285,Low
