year,observed_loss
2018,955086.6438095238
2019,1013323.6342857145
2020,1083208.022857143
2021,1036618.4304761906
2022,861907.459047619
2023,780375.6723809525
2024,547427.7104761907
