year,observed_loss
2018,1001676.2361904762
2019,1059913.2266666668
2020,1106502.8190476191
2021,1071560.6247619048
2022,896849.6533333334
2023,815317.8666666669
2024,570722.5066666668
