threshold,total_loss,avg_loss_per_year,total_events,total_days_closed,years_with_events,avg_events_per_year,avg_days_closed_per_year
1day,13909359.333333336,1987051.3333333337,159,574,7,22.714285714285715,82.0
2day,13400480.333333336,1914354.3333333337,138,553,7,19.714285714285715,79.0
3day,11364964.333333334,1623566.3333333335,96,469,7,13.714285714285714,67.0
4day,8529781.333333334,1218540.1904761905,57,352,7,8.142857142857142,50.285714285714285
5day,7075841.333333333,1010834.4761904761,42,292,7,6.0,41.714285714285715
6day,5137254.666666667,733893.5238095239,26,212,7,3.7142857142857144,30.285714285714285
7day,3828708.6666666674,546958.3809523811,17,158,7,2.4285714285714284,22.571428571428573
