year,1day_total_loss,1day_num_events,1day_days_closed,2day_total_loss,2day_num_events,2day_days_closed,3day_total_loss,3day_num_events,3day_days_closed,4day_total_loss,4day_num_events,4day_days_closed,5day_total_loss,5day_num_events,5day_days_closed,6day_total_loss,6day_num_events,6day_days_closed,7day_total_loss,7day_num_events,7day_days_closed
2018,2083980.6666666667,26,86,1987051.3333333335,22,82,1599334.0,14,66,1163152.0,8,48,969293.3333333334,6,40,726970.0,4,30,581576.0,3,24
2019,2205142.3333333335,27,91,2108213.0,23,87,1817425.0,17,75,1308546.0,10,54,920828.6666666667,6,38,557343.6666666667,3,23,411949.6666666667,2,17
2020,2302071.666666667,24,95,2253607.0,22,93,1962819.0000000002,16,81,1453940.0000000002,9,60,1163152.0,6,48,1041990.3333333334,5,43,896596.3333333334,4,37
2021,2229374.666666667,24,92,2156677.666666667,21,89,1914354.3333333335,16,79,1405475.3333333335,9,58,1405475.3333333335,9,58,799667.0000000001,4,33,508879.0,2,21
2022,1865889.666666667,23,77,1793192.666666667,20,74,1405475.3333333335,12,58,1041990.3333333335,7,43,751202.3333333334,4,31,751202.3333333334,4,31,460414.3333333334,2,19
2023,1696263.3333333335,20,70,1623566.3333333335,17,67,1478172.3333333335,14,61,1114687.3333333335,9,46,920828.6666666667,7,38,315020.3333333334,2,13,169626.33333333334,1,7
2024,1187384.3333333335,15,49,1138919.6666666667,13,47,848131.6666666667,7,35,630040.6666666667,4,26,533111.3333333334,3,22,533111.3333333334,3,22,387717.3333333334,2,16
