year,observed_loss
2018,23798.571428571428
2019,60818.57142857143
2020,108415.7142857143
2021,182455.71428571426
2022,206254.28571428574
2023,259140.0
2024,81972.85714285714
