year,observed_loss
2018,0.0
2019,0.0
2020,1310612.7692307697
2021,1560253.296703297
2022,967357.0439560441
2023,1653868.4945054946
2024,1154587.43956044
