year,observed_loss
2018,0.0
2019,116055.25714285715
2020,185688.41142857145
2021,162477.36000000002
2022,0.0
2023,371376.8228571429
2024,394587.87428571435
