year,observed_loss
2018,97499.42857142854
2019,74825.14285714284
2020,113371.42857142854
2021,90697.14285714283
2022,79359.99999999999
2023,56685.714285714275
2024,62354.285714285696
