year,observed_loss
2018,1137847.542857143
2019,162549.64897959185
2020,487648.94693877554
2021,2275695.0857142857
2022,325099.2979591837
2023,2438244.734693878
2024,1300397.1918367348
