year,observed_loss
2018,0.0
2019,0.0
2020,0.0
2021,2275695.0857142857
2022,0.0
2023,650198.5959183674
2024,975297.8938775511
