year,observed_loss
2018,606852.022857143
2019,0.0
2020,303426.0114285715
2021,2123982.08
2022,303426.0114285715
2023,1820556.068571429
2024,2427408.091428572
