year,observed_loss
2018,0.0
2019,0.0
2020,0.0
2021,1041549.6000000001
2022,0.0
2023,297585.60000000003
2024,892756.8
