year,observed_loss
2018,0.0
2019,0.0
2020,0.0
2021,2123982.08
2022,0.0
2023,606852.022857143
2024,1820556.0685714288
