year,observed_loss
2018,650198.5959183674
2019,0.0
2020,325099.2979591837
2021,2275695.0857142857
2022,325099.2979591837
2023,1950595.7877551024
2024,2600794.3836734695
