year,observed_loss
2018,1061991.0400000003
2019,151713.00571428574
2020,455139.0171428572
2021,2123982.08
2022,303426.0114285715
2023,2275695.085714286
2024,2427408.091428572
