year,observed_loss
2018,1326428.4000000004
2019,536887.6857142857
2020,726377.4571428573
2021,947448.8571428574
2022,1800152.8285714288
2023,2021224.2285714294
2024,1168520.2571428574
