year,observed_loss
2018,116989.28571428572
2019,159105.42857142855
2020,168464.57142857142
2021,208240.92857142855
2022,170804.35714285716
2023,154425.85714285713
2024,88911.85714285713
