year,observed_loss
2018,182503.28571428568
2019,187182.8571428571
2020,248017.28571428556
2021,240997.92857142852
2022,233978.5714285714
2023,217600.0714285714
2024,140387.1428571429
